"","FishID","Length","Age"
"1",1,25.0262775750334,NA
"2",1,21.4181141663061,NA
"3",1,18.4078412094116,1
"4",2,34.0835082188745,NA
"5",2,47.2339339626797,2
"6",2,67.34152278424,3
